INSERT INTO `documents_types` (`id`, `nama_DocType`) VALUES
(1, 'MOM Kickoff Meeting'),
(2, 'Nodin Penugasan'),
(3, 'Dokumen Jadwal'),
(4, 'Memo Dinas'),
(5, 'Form Pendaftaran Jaringan Devel'),
(6, 'Form SIT'),
(7, 'Form UAT'),
(8, 'Laporan Harian SIT'),
(9, 'Laporan Harian UAT'),
(10, 'Laporan Harian Regresi Tahap 1'),
(11, 'Laporan Harian Stress Test Tahap 1'),
(12, 'Laporan Harian Regresi Tahap 2'),
(13, 'Laporan Harian Stress Test Tahap 2'),
(14, 'Laporan Final Pengujian'),
(15, 'Form Bako'),
(16, 'Form BAE'),
(17, 'Form BA Stress Test'),
(18, 'MOM Migrasi'),
(19, 'Jadwal Migrasi'),
(20, 'Form Permintaan Perubahan'),
(21, 'Form Pendaftaran Jaringan Prod'),
(22, 'Memo Dinas Migrasi '),
(23, 'Form Migrasi'),
(24, 'Form Base24'),
(25, 'Form Gapura'),
(26, 'Form Pra-TO'),
(27, 'Form TO'),
(28, 'Form BATO'),
(29, 'Laporan Monitoring Harian'),
(30, 'Laporan Final Monitoring'),
(31, 'Memo Dinas Monitoring'),
(32, 'BA Serah Terima Monitoring'),
(33, 'Nodin Balasan');

INSERT INTO `mitras` (`id`, `ABA`, `nama_mitra`, `added_by`, `modified_by`) VALUES
('1', '002', 'Bank BRI', 'DMR', 'IDE'),
('2','008', 'Bank Mandiri', 'IDE', NULL),
('3','009', 'Bank BNI', 'IDE', NULL),
('4','011', 'Bank Danamon', 'DMR', 'IDE'),
('5','013', 'Bank Permata', 'DMR', 'IDE'),
('6','016', 'Maybank Indonesia', 'DMR', NULL),
('7','019', 'Bank Panin', 'DMR', 'IDE'),
('8','022', 'Bank CIMB Niaga', 'IDE', NULL),
('9','023', 'Bank UOB Indonesia', 'IDE', 'DMR'),
('10','028', 'Bank OCBC NISP', 'DMR', NULL),
('11','031', 'Citibank', 'DMR', NULL),
('12','046', 'Bank DBS', 'DMR', NULL),
('13','050', 'Standard Chartered Bank', 'DMR', 'IDE'),
('14','054', 'Bank Capital', 'IDE', 'DMR'),
('15','061', 'ANZ Indonesia', 'DMR', NULL),
('16','069', 'Bank Of China Indonesia', 'DMR', 'IDE'),
('17','076', 'Bank Bumi Arta', 'DMR', NULL),
('18','087', 'Bank HSBC Indonesia', 'IDE', 'DMR'),
('19','089', 'Rabobank', 'DMR', NULL),
('20','095', 'Bank JTrust', 'DMR', 'IDE'),
('21','097', 'Bank Mayapada', 'DMR', NULL),
('22','110', 'Bank Jabar', 'DMR', NULL),
('23','111', 'Bank DKI', 'IDE', 'DMR'),
('24','112', 'Bank BPD DIY', 'DMR', 'IDE'),
('25','113', 'Bank Jateng', 'DMR', 'IDE'),
('26','114', 'Bank Jatim', 'IDE', 'DMR'),
('27','115', 'Bank Jambi', 'IDE', 'DMR'),
('28','116', 'Bank Aceh', 'IDE', NULL),
('29','117', 'Bank Sumut', 'DMR', NULL),
('30','118', 'Bank Nagari', 'DMR', 'IDE'),
('31','119', 'Bank Riau Kepri', 'DMR', 'IDE'),
('32','120', 'Bank Sumsel Babel', 'DMR', NULL),
('33','121', 'Bank Lampung', 'IDE', 'DMR'),
('34','122', 'Bank Kalsel', 'DMR', 'IDE'),
('35','123', 'BPD Kalbar', 'DMR', NULL),
('36','124', 'BPD Kalimantan Timur', 'DMR', 'IDE'),
('37','125', 'Bank BPD Kalteng', 'IDE', 'DMR'),
('38','126', 'Bank Sulselbar', 'DMR', 'IDE'),
('39','127', 'Bank Sulut', 'DMR', NULL),
('40','128', 'Bank NTB', 'IDE', 'DMR'),
('41','129', 'Bank BPD Bali', 'DMR', NULL),
('42','130', 'Bank NTT', 'DMR', NULL),
('43','131', 'Bank Maluku', 'IDE', NULL),
('44','132', 'Bank Papua', 'IDE', 'DMR'),
('45','133', 'Bank Bengkulu', 'IDE', NULL),
('46','134', 'Bank Sulteng', 'IDE', 'DMR'),
('47','135', 'Bank Sultra', 'IDE', NULL),
('48','137', 'Bank Banten', 'DMR', 'IDE'),
('49','145', 'Bank BNP', 'IDE', NULL),
('50','146', 'Bank Of India Indonesia', 'DMR', NULL),
('51','147', 'Bank Muamalat', 'IDE', NULL),
('52','151', 'Bank Mestika', 'IDE', NULL),
('53','152', 'Bank Shinhan', 'IDE', 'DMR'),
('54','153', 'Bank Sinarmas', 'IDE', 'DMR'),
('55','161', 'Bank Ganesha', 'DMR', NULL),
('56','164', 'Bank ICBC Indonesia', 'IDE', 'DMR'),
('57','167', 'Bank QNB Indonesia', 'DMR', 'IDE'),
('58','200', 'Bank BTN', 'DMR', 'IDE'),
('59','212', 'Bank Woori Saudara', 'IDE', 'DMR'),
('60','213', 'Bank BTPN', 'DMR', 'IDE'),
('61','345', 'Bank AGRIS', 'DMR', NULL),
('62','360001', 'Artajasa (ACQ Only)', 'IDE', 'DMR'),
('63','422', 'Bank BRI Syariah', 'IDE', 'DMR'),
('64','425', 'Bank Jabar Banten Syariah', 'IDE', NULL),
('65','426', 'Bank Mega', 'IDE', 'DMR'),
('66','427', 'Bank BNI Syariah', 'IDE', NULL),
('67','441', 'Bank Bukopin', 'IDE', 'DMR'),
('68','451', 'Bank Syariah Mandiri', 'IDE', NULL),
('69','484', 'Bank Keb Hana', 'IDE', 'DMR'),
('70','485', 'MNC Bank', 'DMR', 'IDE'),
('71','490', 'Bank Yudha Bhakti', 'DMR', 'IDE'),
('72','494', 'Bank BRI Agroniaga', 'DMR', NULL),
('73','503', 'Bank National Nobu', 'DMR', 'IDE'),
('74','506', 'Bank Mega Syariah', 'DMR', NULL),
('75','513', 'Bank INA', 'IDE', NULL),
('76','517', 'Bank Panin Dubai Syariah', 'DMR', 'IDE'),
('77','521', 'Bank Syariah Bukopin', 'IDE', 'DMR'),
('78','523', 'Bank Sahabat Sampoerna', 'IDE', 'DMR'),
('79','526', 'Bank Dinar', 'IDE', 'DMR'),
('80','535', 'Bank Kesejahteraan Ekonomi', 'IDE', 'DMR'),
('81','542', 'Bank ARTOS', 'IDE', NULL),
('82','547', 'Bank BTPN Syariah', 'IDE', 'DMR'),
('83','553', 'Bank Mayora', 'DMR', 'IDE'),
('84','555', 'Bank Index', 'IDE', 'DMR'),
('85','564', 'Bank MANTAP', 'IDE', NULL),
('86','600', 'BPR/LSB', 'DMR', NULL),
('87','688', 'BPR KS', 'DMR', 'IDE'),
('88','789', 'Indosat (Paypro)', 'DMR', 'IDE'),
('89','808', 'XL Tunai', 'IDE', 'DMR'),
('90','867', 'BPR Eka', 'DMR', NULL),
('91','911', 'Telkomsel (TCash)', 'DMR', NULL),
('92','950', 'Bank CommonWealth', 'IDE', NULL),
('93','987', 'ATMB Plus', 'IDE', NULL);

INSERT INTO `products` (`id`, `nama_product`, `added_by`, `modified_by`) VALUES
(1, 'ATM Bersama', 'DMR', 'IDE'),
(2, 'ATM Bersama Debit', 'DMR', NULL),
(3, 'Payment', 'IDE', NULL),
(4, 'Remittance', 'DMR', NULL),
(5, 'Disbursement', 'IDE', 'DMR'),
(6, 'QR Payment', 'DMR', NULL);

INSERT INTO `projects_keterangans` (`id`, `nama_pketerangan`) VALUES
(1, 'Approved'),
(2, 'Menunggu Approval'),
(3, 'Decline');

INSERT INTO `projects_stats` (`id`, `nama_pstat`) VALUES
(1, 'Reserve'),
(2, 'On Progress'),
(3, 'Pengujian Done'),
(4, 'Projek Done'),
(5, 'Hold'),
(6, 'Drop');

INSERT INTO `projects_types` (`id`, `nama_ptype`) VALUES
(1, 'Internal Test '),
(2, 'Sertifikasi'),
(3, 'Regresi'),
(4, 'Support'),
(5, 'QA');

INSERT INTO `users_levels` (`id`, `nama_ulevel`) VALUES
(1, 'Admin'),
(2, 'Manager'),
(3, 'Engineer'),
(4, 'Guest'),
(5, 'Admin x Engineer');

INSERT INTO `users` (`id`, `id_ulevel`, `nama_user`, `email_user`, `inisial_user`, `password`, `added_by`, `modified_by`, `remember_token`) VALUES 
(1, '5', 'Ismi Destiawati', 'ismi.destiawati@artajasa.co.id', 'IDE', NULL, 'IDE', NULL, NULL), 
(2, '5', 'Devi Mayang Sari', 'devi.sari@artajasa.co.id', 'DMR', NULL, 'IDE', NULL, NULL), 
(3, '2', 'Arief Aji Pratopo', 'arief.aji@artajasa.co.id', 'AAP', NULL, 'IDE', 'DMR', NULL), 
(4, '3', 'Hadi Santoso', 'hadi.santoso@artajasa.co.id', 'HSO', NULL, 'DMR', 'IDE', NULL), 
(5, '3', 'Yudha Bagus Pratidana', 'yudha.pratidana@artajasa.co.id', 'YBP', NULL, 'DMR', 'IDE', NULL), 
(6, '3', 'Nadia Sepriani', 'nadia.sepriani@artajasa.co.id', 'NSP', NULL, 'DMR', NULL, NULL), 
(7, '3', 'Muchammad Wijdan Alyosa', 'muchammad.alyosa@artajasa.co.id', 'MWA', NULL, 'DMR', 'DMR', NULL),
(8, '3', 'Aufar Rizqi', 'aufar.rizqi@artajasa.co.id', 'AUF', NULL, 'DMR',  NULL, NULL);

INSERT INTO `projects` (`id`, `waktu_assign_project`, `id_pketerangan`, `id_pstat`, `id_ptype`, `id_product`, `id_mitra`, `nama_project`, `status_handover`, `pketerangan_status`, `pketerangan_note`, `id_current_pic`, `id_original_pic`, `handover_counter`) VALUES
(1, '2020-08-25 14:46:34', NULL, 2, 2, 5, '65', 'mari bekerja untuk masa depan yg lebih maju', 0, NULL, NULL, 2, 2, 0),
(2, '2020-08-25 14:46:34', NULL, 1, 1, 4, '1', 'internal tes bersama bang hadi sans', 0, NULL, NULL, 4, 4, 0),
(3, '2020-08-25 14:46:34', 1, 3, 5, 3, '4', 'QA Payment bankgakan orang tua mu nak', 0, NULL, NULL, 1, 1, 0),
(4, '2020-10-19 08:06:53', 2, 3, 3, 2, '15', 'regresi bank bank tut syapa yg kentut', 1, 'Menunggu Approval Pengujian Done', NULL, 5, 5, 0),
(5, '2020-10-19 08:07:27', 2, 4, 2, 6, '92', 'qris sakti mantab djiwa', 0, 'Menunggu Approval Projek Done', NULL, 6, 6, 0),
(6, '2020-10-19 08:07:45', 2, 4, 1, 1, '76', 'terkadang, hidup memang seperti itu. iya. itu.', 1, 'Menunggu Approval Projek Done', NULL, 7, 7, 0),
(7, '2020-08-25 14:53:32', NULL, 5, 3, 3, '6', 'hold it right there mister', 1, NULL, NULL, 5, 5, 0),
(8, '2020-08-25 14:53:32', 3, 3, 2, 6, '16', 'projek apa hayoooo, cari tau sendiri lah', 0, NULL, 'ada yg kurang, kamu kurang perhatian', 7, 7, 0),
(9, '2020-08-26 04:54:24', NULL, 1, 2, 3, '27', 'projek pertama yg masuk lewat assign project, LETS GOO!!!', 0, NULL, NULL, 4, 4, 0),
(10, '2020-09-04 01:25:12', NULL, 2, 1, 6, '62', 'cico cico di dinding', 0, NULL, NULL, 1, 1, 0),
(11, '2020-09-04 01:25:12', NULL, 6, 5, 3, '20', 'sistem pembayaran iuran biar pada gak telat', 0, NULL, NULL,  2, 2, 0),
(12, '2020-09-04 01:25:12', NULL, 2, 3, 5, '73', 'disbursement adalah keahlian hadi, chakep', 1, NULL, NULL, 4, 4, 0),
(13, '2020-09-04 01:25:12', NULL, 2, 4, 1, '26', 'life support by nadia', 0, NULL, NULL, 6, 6, 0),
(14, '2020-09-04 01:25:12', NULL, 2, 3, 4, '89', 'regresi remittance bankkrut', 0, NULL, NULL, 2, 2, 0);

INSERT INTO `documents` (`id`, `id_project`, `id_DocType`, `nama_document`, `softcopy_status`, `hardcopy_status`) VALUES
(1, 1, 15, 'bako bako bako', 0, 0),
(2, 1, 7, 'form uat bank mamat', 1, 0),
(3, 3, 26, 'form pra to torot tot tot', 0, 0),
(4, 8, 19, 'file ini berisi jadwal migrasi burung kondor ke daerah selatan', 1, 1),
(5, 5, 32, 'mari kita berserah diri kepada monitoring', 0, 1);
